<?xml version="1.0" encoding="UTF-8"?>
<!DOCTYPE hibernate-mapping PUBLIC "-//Hibernate/Hibernate Mapping DTD 3.0//EN" "http://hibernate.sourceforge.net/hibernate-mapping-3.0.dtd">
<hibernate-mapping>
    <class name="mypack.Students" table="students">

    <id name="id" column="id">
     <generator class="increment"/>
      </id>
      <property name="username" column = "Username"/>
      <property name="emailid" column = "Emailid" />
      <property name="password" column="password"/>
  </class>
</hibernate-mapping>

